{"cameraMode":{"drawMode":0,"name":"Shaded","section":"Shading Mode"},"sceneLighting":false,"audioPlay":false,"sceneViewState":{"m_AlwaysRefresh":false,"showFog":false,"showSkybox":false,"showFlares":false,"showImageEffects":false,"showParticleSystems":false,"showVisualEffectGraphs":true,"m_FxEnabled":true},"in2DMode":false,"pivot":{"x":0.00004845857620239258,"y":0.8209644556045532,"z":0.013475783169269562},"rotation":{"x":-0.029871869832277299,"y":0.6422750353813171,"z":-0.025058530271053315,"w":-0.765489935874939},"size":1.2800196409225464,"orthographic":false}