{"cameraMode":{"drawMode":0,"name":"Shaded","section":"Shading Mode"},"sceneLighting":false,"audioPlay":false,"sceneViewState":{"m_AlwaysRefresh":false,"showFog":false,"showSkybox":false,"showFlares":false,"showImageEffects":false,"showParticleSystems":false,"showVisualEffectGraphs":true,"m_FxEnabled":true},"in2DMode":false,"pivot":{"x":1.1140024662017823,"y":1.7179317474365235,"z":-2.1650197505950929},"rotation":{"x":0.043797120451927188,"y":0.9416195154190064,"z":0.13509643077850343,"w":-0.3052644729614258},"size":3.3192036151885988,"orthographic":false}