{"cameraMode":{"drawMode":0,"name":"Shaded","section":"Shading Mode"},"sceneLighting":false,"audioPlay":false,"sceneViewState":{"m_AlwaysRefresh":false,"showFog":false,"showSkybox":false,"showFlares":false,"showImageEffects":false,"showParticleSystems":false,"showVisualEffectGraphs":true,"m_FxEnabled":true},"in2DMode":false,"pivot":{"x":-2.384185791015625e-7,"y":0.9007465839385986,"z":-0.061076223850250247},"rotation":{"x":0.017351806163787843,"y":0.9814515709877014,"z":-0.1573793739080429,"w":0.10819637030363083},"size":1.7538009881973267,"orthographic":false}