{"cameraMode":{"drawMode":0,"name":"Shaded","section":"Shading Mode"},"sceneLighting":true,"audioPlay":false,"sceneViewState":{"m_AlwaysRefresh":false,"showFog":true,"showSkybox":true,"showFlares":true,"showImageEffects":true,"showParticleSystems":true,"showVisualEffectGraphs":true,"m_FxEnabled":true},"in2DMode":false,"pivot":{"x":-60.37652587890625,"y":2.720663070678711,"z":5.8004255294799809},"rotation":{"x":-0.005485610105097294,"y":0.2655806839466095,"z":0.0015126332873478532,"w":0.9640746116638184},"size":6.357062339782715,"orthographic":false}