{"cameraMode":{"drawMode":0,"name":"Shaded","section":"Shading Mode"},"sceneLighting":true,"audioPlay":false,"sceneViewState":{"m_AlwaysRefresh":false,"showFog":true,"showSkybox":true,"showFlares":true,"showImageEffects":true,"showParticleSystems":true,"showVisualEffectGraphs":true,"m_FxEnabled":true},"in2DMode":false,"pivot":{"x":-69.36475372314453,"y":0.027047812938690187,"z":3.035294771194458},"rotation":{"x":-0.06945975869894028,"y":0.6948682069778442,"z":-0.06773479282855988,"w":-0.7125629782676697},"size":1.2853730916976929,"orthographic":false}