{"cameraMode":{"drawMode":0,"name":"Shaded","section":"Shading Mode"},"sceneLighting":true,"audioPlay":false,"sceneViewState":{"m_AlwaysRefresh":false,"showFog":true,"showSkybox":true,"showFlares":true,"showImageEffects":true,"showParticleSystems":true,"showVisualEffectGraphs":true,"m_FxEnabled":true},"in2DMode":false,"pivot":{"x":27.435409545898439,"y":0.24437999725341798,"z":40.637603759765628},"rotation":{"x":0.11720195412635803,"y":-0.0845198780298233,"z":0.010026855394244194,"w":0.9894859790802002},"size":49.6602668762207,"orthographic":false}