{"cameraMode":{"drawMode":0,"name":"Shaded","section":"Shading Mode"},"sceneLighting":true,"audioPlay":false,"sceneViewState":{"m_AlwaysRefresh":false,"showFog":true,"showSkybox":true,"showFlares":true,"showImageEffects":true,"showParticleSystems":true,"showVisualEffectGraphs":true,"m_FxEnabled":true},"in2DMode":false,"pivot":{"x":-69.09449768066406,"y":4.313557147979736,"z":0.018022119998931886},"rotation":{"x":-0.19493229687213899,"y":0.6141605377197266,"z":-0.1600930243730545,"w":-0.7477888464927673},"size":2.2233004570007326,"orthographic":false}