{"cameraMode":{"drawMode":0,"name":"Shaded","section":"Shading Mode"},"sceneLighting":true,"audioPlay":false,"sceneViewState":{"m_AlwaysRefresh":false,"showFog":true,"showSkybox":true,"showFlares":true,"showImageEffects":true,"showParticleSystems":true,"showVisualEffectGraphs":true,"m_FxEnabled":true},"in2DMode":false,"pivot":{"x":-0.33662497997283938,"y":0.04828190803527832,"z":79.5685043334961},"rotation":{"x":0.07072299718856812,"y":0.023043714463710786,"z":-0.0016221556579694152,"w":0.9972484707832336},"size":47.083740234375,"orthographic":false}