{"cameraMode":{"drawMode":0,"name":"Shaded","section":"Shading Mode"},"sceneLighting":true,"audioPlay":false,"sceneViewState":{"m_AlwaysRefresh":false,"showFog":true,"showSkybox":true,"showFlares":true,"showImageEffects":true,"showParticleSystems":true,"showVisualEffectGraphs":true,"m_FxEnabled":true},"in2DMode":false,"pivot":{"x":-64.62702178955078,"y":-0.04528924822807312,"z":4.815463542938232},"rotation":{"x":-0.10359117388725281,"y":-0.02507978305220604,"z":0.0026126957964152099,"w":-0.9943116307258606},"size":1.4486037492752076,"orthographic":false}