{"cameraMode":{"drawMode":0,"name":"Shaded","section":"Shading Mode"},"sceneLighting":true,"audioPlay":false,"sceneViewState":{"m_AlwaysRefresh":false,"showFog":true,"showSkybox":true,"showFlares":true,"showImageEffects":true,"showParticleSystems":true,"showVisualEffectGraphs":true,"m_FxEnabled":true},"in2DMode":false,"pivot":{"x":-81.38268280029297,"y":-1.1885859966278077,"z":4.057405948638916},"rotation":{"x":0.040166594088077548,"y":-0.671398937702179,"z":0.036500703543424609,"w":0.7391366958618164},"size":10.799142837524414,"orthographic":false}