{"cameraMode":{"drawMode":0,"name":"Shaded","section":"Shading Mode"},"sceneLighting":true,"audioPlay":false,"sceneViewState":{"m_AlwaysRefresh":false,"showFog":true,"showSkybox":false,"showFlares":true,"showImageEffects":true,"showParticleSystems":true,"showVisualEffectGraphs":true,"m_FxEnabled":true},"in2DMode":false,"pivot":{"x":-55.287532806396487,"y":9.01172924041748,"z":-12.662707328796387},"rotation":{"x":0.11720195412635803,"y":-0.0845198780298233,"z":0.010026855394244194,"w":0.9894859790802002},"size":0.17600351572036744,"orthographic":false}