{"cameraMode":{"drawMode":0,"name":"Shaded","section":"Shading Mode"},"sceneLighting":true,"audioPlay":false,"sceneViewState":{"m_AlwaysRefresh":false,"showFog":true,"showSkybox":true,"showFlares":true,"showImageEffects":true,"showParticleSystems":true,"showVisualEffectGraphs":true,"m_FxEnabled":true},"in2DMode":false,"pivot":{"x":-82.29483032226563,"y":2.3070287704467775,"z":15.782651901245118},"rotation":{"x":-0.030997689813375474,"y":-0.7442636489868164,"z":-0.03464275971055031,"w":0.6663497090339661},"size":4.947075366973877,"orthographic":false}