{"cameraMode":{"drawMode":0,"name":"Shaded","section":"Shading Mode"},"sceneLighting":false,"audioPlay":false,"sceneViewState":{"m_AlwaysRefresh":false,"showFog":false,"showSkybox":false,"showFlares":false,"showImageEffects":false,"showParticleSystems":false,"showVisualEffectGraphs":true,"m_FxEnabled":true},"in2DMode":false,"pivot":{"x":-1.715519666671753,"y":0.7506154775619507,"z":0.8723779916763306},"rotation":{"x":0.020054329186677934,"y":-0.9593966603279114,"z":0.07064293324947357,"w":0.2723594009876251},"size":1.5822559595108033,"orthographic":false}